utc_start,utc_end,n_s,normal_s,holdover_s_max,critical_alarm_s,serious_minor_alarm_s,critical_bits,minor_bits,osc_ppb_mean,osc_ppb_std,pps_ns_mean,pps_ns_std,pps_ns_min,pps_ns_max,dac_v_mean,dac_v_min,dac_v_max,temp_c_mean,temp_c_min,temp_c_max,sats_mean,sats_min,level_mean,level_top4,time_constant_s,damping
2026-10-01T00:00:00Z,2026-10-01T00:10:00Z,600,600,0,0,0,0x0000,0x0000,-0.0157,0.2085,-0.24,3.02,-6.83,8.98,2.11092,2.11016,2.11161,42.712,42.708,42.746,9.07,8,41.39,45.16,100.0,1.000
2026-10-01T00:10:00Z,2026-10-01T00:20:00Z,600,600,0,0,0,0x0000,0x0000,-0.0034,0.2417,0.01,3.20,-9.45,7.29,2.11093,2.10991,2.11166,42.853,42.728,42.927,10.01,9,41.14,45.12,100.0,1.000
2026-10-01T00:20:00Z,2026-10-01T00:30:00Z,600,600,0,0,0,0x0000,0x0000,-0.0068,0.1981,0.03,3.25,-7.48,6.24,2.11093,2.11016,2.11152,42.839,42.756,42.909,10.04,10,41.31,45.63,100.0,1.000
2026-10-01T00:30:00Z,2026-10-01T00:40:00Z,600,600,0,0,0,0x0000,0x0000,0.0118,0.2389,0.83,3.22,-6.76,9.62,2.11099,2.11030,2.11197,42.738,42.708,42.798,9.72,9,41.96,45.72,100.0,1.000
2026-10-01T00:40:00Z,2026-10-01T00:50:00Z,600,600,0,0,0,0x0000,0x0000,-0.0013,0.2340,-0.83,2.44,-5.32,7.03,2.11088,2.11028,2.11179,42.709,42.708,42.723,8.67,8,41.86,45.69,100.0,1.000
2026-10-01T00:50:00Z,2026-10-01T01:00:00Z,600,600,0,0,0,0x0000,0x0000,-0.0044,0.1988,-0.34,2.30,-4.59,5.94,2.11089,2.11031,2.11156,42.708,42.708,42.708,8.33,8,42.12,45.41,100.0,1.000
2026-10-01T01:00:00Z,2026-10-01T01:10:00Z,600,600,0,0,0,0x0000,0x0000,0.0079,0.2659,0.51,3.09,-8.02,7.45,2.11095,2.11009,2.11157,42.708,42.708,42.708,9.49,9,41.80,45.82,100.0,1.000
2026-10-01T01:10:00Z,2026-10-01T01:20:00Z,600,600,0,0,0,0x0000,0x0000,-0.0035,0.2383,0.13,2.53,-5.02,7.35,2.11096,2.11042,2.11169,42.708,42.702,42.708,9.06,9,41.85,45.43,100.0,1.000
2026-10-01T01:20:00Z,2026-10-01T01:30:00Z,600,600,0,0,0,0x0000,0x0000,-0.0011,0.1759,-0.09,2.03,-4.78,3.41,2.11090,2.11038,2.11142,42.697,42.671,42.708,9.13,9,42.52,45.81,100.0,1.000
2026-10-01T01:30:00Z,2026-10-01T01:40:00Z,600,600,0,0,0,0x0000,0x0000,-0.0036,0.2447,-0.28,2.64,-4.76,6.30,2.11091,2.11043,2.11168,42.619,42.524,42.685,9.00,9,42.35,45.70,100.0,1.000
2026-10-01T01:40:00Z,2026-10-01T01:50:00Z,600,600,0,0,0,0x0000,0x0000,-0.0015,0.2095,-0.03,3.05,-5.78,8.40,2.11091,2.11036,2.11173,42.487,42.454,42.573,8.16,7,42.75,45.80,100.0,1.000
2026-10-01T01:50:00Z,2026-10-01T02:00:00Z,600,600,0,0,0,0x0000,0x0000,0.0177,0.2302,0.62,2.64,-4.25,9.70,2.11096,2.11051,2.11186,42.453,42.453,42.454,6.89,6,43.43,45.58,100.0,1.000
2026-10-01T02:00:00Z,2026-10-01T02:10:00Z,600,600,0,0,0,0x0000,0x0000,-0.0135,0.2304,-0.36,3.39,-8.21,6.24,2.11088,2.11020,2.11149,42.453,42.453,42.453,7.18,6,42.02,45.68,100.0,1.000
2026-10-01T02:10:00Z,2026-10-01T02:20:00Z,600,600,0,0,0,0x0000,0x0000,0.0056,0.2170,-0.23,1.92,-5.35,3.24,2.11089,2.11022,2.11135,42.454,42.453,42.460,8.62,7,42.18,45.68,100.0,1.000
2026-10-01T02:20:00Z,2026-10-01T02:30:00Z,600,600,0,0,0,0x0000,0x0000,0.0008,0.1570,0.30,1.30,-3.31,3.06,2.11094,2.11055,2.11129,42.453,42.453,42.453,8.15,8,42.14,44.92,100.0,1.000
2026-10-01T02:30:00Z,2026-10-01T02:40:00Z,600,600,0,0,0,0x0000,0x0000,-0.0018,0.1579,0.38,1.77,-3.47,4.04,2.11099,2.11061,2.11138,42.453,42.453,42.453,8.00,8,43.00,44.95,100.0,1.000
2026-10-01T02:40:00Z,2026-10-01T02:50:00Z,600,600,0,0,0,0x0000,0x0000,0.0049,0.1723,-0.14,2.47,-5.59,4.31,2.11091,2.11042,2.11143,42.455,42.453,42.469,8.90,8,43.10,45.33,100.0,1.000
2026-10-01T02:50:00Z,2026-10-01T03:00:00Z,600,600,0,0,0,0x0000,0x0000,-0.0097,0.2054,-0.41,2.12,-4.94,6.17,2.11091,2.11040,2.11152,42.645,42.459,42.708,10.00,10,42.66,45.05,100.0,1.000
2026-10-01T03:00:00Z,2026-10-01T03:10:00Z,600,600,0,0,0,0x0000,0x0000,0.0033,0.2024,0.51,2.04,-3.23,6.72,2.11098,2.11050,2.11170,42.708,42.706,42.708,10.00,10,42.24,44.99,100.0,1.000
2026-10-01T03:10:00Z,2026-10-01T03:20:00Z,600,600,0,0,0,0x0000,0x0000,0.0039,0.1805,-0.48,2.85,-8.59,3.91,2.11091,2.11017,2.11145,42.708,42.708,42.708,9.53,9,42.42,44.64,100.0,1.000
2026-10-01T03:20:00Z,2026-10-01T03:30:00Z,600,600,0,0,0,0x0000,0x0000,-0.0011,0.2100,0.27,2.53,-5.85,7.91,2.11095,2.11025,2.11174,42.707,42.696,42.708,9.00,8,42.45,44.60,100.0,1.000
2026-10-01T03:30:00Z,2026-10-01T03:40:00Z,600,600,0,0,0,0x0000,0x0000,-0.0081,0.1922,-0.37,2.32,-4.45,7.71,2.11089,2.11040,2.11160,42.708,42.699,42.708,8.42,8,42.27,44.95,100.0,1.000
2026-10-01T03:40:00Z,2026-10-01T03:50:00Z,600,600,0,0,0,0x0000,0x0000,0.0025,0.1752,0.04,1.76,-3.19,4.17,2.11092,2.11055,2.11151,42.706,42.696,42.708,8.00,8,42.45,45.35,100.0,1.000
2026-10-01T03:50:00Z,2026-10-01T04:00:00Z,600,600,0,0,0,0x0000,0x0000,-0.0004,0.1946,0.26,2.86,-6.03,8.01,2.11096,2.11040,2.11185,42.698,42.681,42.708,8.00,8,43.17,45.31,100.0,1.000
2026-10-01T04:00:00Z,2026-10-01T04:10:00Z,600,600,0,0,0,0x0000,0x0000,-0.0054,0.2445,-0.31,3.05,-8.23,11.59,2.11092,2.11013,2.11201,42.667,42.552,42.704,8.21,7,42.92,45.48,100.0,1.000
2026-10-01T04:10:00Z,2026-10-01T04:20:00Z,600,600,0,0,0,0x0000,0x0000,0.0042,0.2058,-0.38,3.20,-6.55,7.77,2.11089,2.11030,2.11164,42.694,42.648,42.707,9.00,9,42.08,44.93,100.0,1.000
2026-10-01T04:20:00Z,2026-10-01T04:30:00Z,600,600,0,0,0,0x0000,0x0000,0.0063,0.2091,0.01,3.44,-6.13,6.66,2.11090,2.11034,2.11189,42.696,42.674,42.707,8.91,8,42.00,45.22,100.0,1.000
2026-10-01T04:30:00Z,2026-10-01T04:40:00Z,600,600,0,0,0,0x0000,0x0000,-0.0068,0.1870,0.38,2.58,-4.75,6.06,2.11095,2.11040,2.11153,42.585,42.469,42.707,8.11,8,42.63,44.97,100.0,1.000
2026-10-01T04:40:00Z,2026-10-01T04:50:00Z,600,600,0,0,0,0x0000,0x0000,0.0050,0.2129,-0.02,2.83,-5.07,9.09,2.11089,2.11042,2.11184,42.588,42.466,42.697,8.80,8,42.03,45.15,100.0,1.000
2026-10-01T04:50:00Z,2026-10-01T05:00:00Z,600,600,0,0,0,0x0000,0x0000,0.0052,0.1987,0.32,1.69,-4.73,4.34,2.11094,2.11033,2.11148,42.662,42.576,42.708,8.18,8,41.75,44.79,100.0,1.000
2026-10-01T05:00:00Z,2026-10-01T05:10:00Z,600,600,0,0,0,0x0000,0x0000,-0.0103,0.2080,-0.84,3.52,-6.99,9.13,2.11085,2.11024,2.11169,42.555,42.524,42.586,8.22,8,41.44,44.85,100.0,1.000
2026-10-01T05:10:00Z,2026-10-01T05:20:00Z,600,600,0,0,0,0x0000,0x0000,0.0065,0.1916,0.94,2.23,-3.72,6.12,2.11098,2.11049,2.11161,42.647,42.533,42.695,8.96,8,40.77,44.93,100.0,1.000
2026-10-01T05:20:00Z,2026-10-01T05:30:00Z,600,600,0,0,0,0x0000,0x0000,-0.0077,0.2514,-0.35,3.50,-7.38,7.92,2.11088,2.11015,2.11164,42.669,42.548,42.706,9.21,8,41.20,45.16,100.0,1.000
2026-10-01T05:30:00Z,2026-10-01T05:40:00Z,600,600,0,0,0,0x0000,0x0000,0.0008,0.1807,-0.31,1.75,-4.22,5.20,2.11087,2.11036,2.11138,42.544,42.506,42.585,8.97,8,41.99,44.78,100.0,1.000
2026-10-01T05:40:00Z,2026-10-01T05:50:00Z,600,600,0,0,0,0x0000,0x0000,0.0064,0.2021,0.61,2.14,-2.84,7.74,2.11094,2.11041,2.11178,42.624,42.503,42.687,9.88,9,41.04,44.30,100.0,1.000
2026-10-01T05:50:00Z,2026-10-01T06:00:00Z,600,600,0,0,0,0x0000,0x0000,0.0005,0.2327,0.06,2.13,-3.52,7.06,2.11092,2.11041,2.11174,42.697,42.635,42.708,10.29,8,40.69,44.11,100.0,1.000
2026-10-01T06:00:00Z,2026-10-01T06:10:00Z,600,600,0,0,0,0x0000,0x0000,0.0042,0.2226,-0.76,2.20,-7.75,4.77,2.11088,2.11010,2.11147,42.708,42.695,42.708,10.01,8,40.89,44.26,100.0,1.000
2026-10-01T06:10:00Z,2026-10-01T06:20:00Z,600,600,0,0,0,0x0000,0x0000,0.0010,0.2200,0.54,2.18,-5.71,5.65,2.11096,2.11027,2.11150,42.684,42.633,42.708,9.87,9,41.35,43.78,100.0,1.000
2026-10-01T06:20:00Z,2026-10-01T06:30:00Z,600,600,0,0,0,0x0000,0x0000,-0.0169,0.2242,-0.13,2.42,-5.76,4.42,2.11091,2.11036,2.11141,42.622,42.558,42.659,9.84,9,41.85,44.24,100.0,1.000
2026-10-01T06:30:00Z,2026-10-01T06:40:00Z,600,600,0,0,0,0x0000,0x0000,0.0090,0.2210,0.01,3.00,-5.68,6.65,2.11089,2.11031,2.11171,42.516,42.479,42.585,9.71,8,41.54,44.12,100.0,1.000
2026-10-01T06:40:00Z,2026-10-01T06:50:00Z,600,600,0,0,0,0x0000,0x0000,-0.0054,0.2423,-0.23,3.41,-5.87,9.72,2.11089,2.11033,2.11183,42.488,42.457,42.524,9.65,9,41.25,44.75,100.0,1.000
2026-10-01T06:50:00Z,2026-10-01T07:00:00Z,600,600,0,0,0,0x0000,0x0000,0.0110,0.2180,0.27,2.43,-4.04,7.76,2.11093,2.11041,2.11190,42.459,42.453,42.476,8.48,8,41.18,44.65,100.0,1.000
2026-10-01T07:00:00Z,2026-10-01T07:10:00Z,600,600,0,0,0,0x0000,0x0000,-0.0044,0.1595,-0.07,1.40,-2.49,3.99,2.11091,2.11054,2.11144,42.453,42.453,42.453,8.00,8,42.47,44.51,100.0,1.000
2026-10-01T07:10:00Z,2026-10-01T07:20:00Z,600,600,0,0,0,0x0000,0x0000,-0.0072,0.1789,-0.05,2.25,-4.33,4.71,2.11090,2.11043,2.11143,42.453,42.453,42.453,8.00,8,42.56,44.65,100.0,1.000
2026-10-01T07:20:00Z,2026-10-01T07:30:00Z,600,600,0,0,0,0x0000,0x0000,0.0020,0.2295,-0.18,2.78,-5.25,9.63,2.11089,2.11037,2.11187,42.453,42.453,42.453,8.00,8,42.39,45.19,100.0,1.000
2026-10-01T07:30:00Z,2026-10-01T07:40:00Z,438,438,0,0,0,0x0000,0x0000,-0.0052,0.1601,0.07,2.17,-4.16,5.01,2.11093,2.11037,2.11138,42.453,42.453,42.453,7.68,7,42.60,44.74,100.0,1.000
2026-10-01T07:40:00Z,2026-10-01T07:50:00Z,600,600,0,0,0,0x0000,0x0000,-0.0060,0.2489,-0.30,3.07,-6.56,7.52,2.11089,2.11023,2.11166,42.453,42.453,42.453,8.65,8,41.65,44.93,100.0,1.000
2026-10-01T07:50:00Z,2026-10-01T08:00:00Z,600,600,0,0,0,0x0000,0x0000,0.0004,0.2095,0.14,2.35,-4.58,5.64,2.11091,2.11034,2.11147,42.453,42.453,42.453,8.19,8,41.56,45.34,100.0,1.000
2026-10-01T08:00:00Z,2026-10-01T08:10:00Z,600,600,0,0,0,0x0000,0x0000,0.0004,0.1793,0.19,2.32,-6.41,5.64,2.11093,2.11019,2.11148,42.453,42.453,42.453,7.69,7,42.32,45.35,100.0,1.000
2026-10-01T08:10:00Z,2026-10-01T08:20:00Z,600,600,0,0,0,0x0000,0x0000,0.0016,0.1859,0.56,2.21,-5.35,4.89,2.11097,2.11040,2.11159,42.453,42.453,42.453,6.71,6,42.59,45.38,100.0,1.000
2026-10-01T08:20:00Z,2026-10-01T08:30:00Z,600,600,0,0,0,0x0000,0x0000,0.0025,0.1652,-0.52,1.80,-4.44,3.72,2.11092,2.11050,2.11141,42.406,42.347,42.453,6.00,6,43.07,44.72,100.0,1.000
2026-10-01T08:30:00Z,2026-10-01T08:40:00Z,600,600,0,0,0,0x0000,0x0000,-0.0013,0.1602,0.02,1.79,-3.70,3.54,2.11092,2.11051,2.11137,42.264,42.206,42.376,6.00,6,43.19,44.96,100.0,1.000
2026-10-01T08:40:00Z,2026-10-01T08:50:00Z,600,600,0,0,0,0x0000,0x0000,-0.0026,0.1768,-0.34,1.77,-4.31,3.63,2.11090,2.11040,2.11137,42.294,42.200,42.445,7.08,6,42.09,44.75,100.0,1.000
2026-10-01T08:50:00Z,2026-10-01T09:00:00Z,600,600,0,0,0,0x0000,0x0000,0.0017,0.1935,-0.44,2.31,-4.40,6.88,2.11088,2.11031,2.11164,42.452,42.444,42.453,8.15,8,42.24,44.81,100.0,1.000
2026-10-01T09:00:00Z,2026-10-01T09:10:00Z,600,600,0,0,0,0x0000,0x0000,0.0021,0.2623,1.25,3.15,-4.37,9.43,2.11101,2.11041,2.11179,42.453,42.449,42.453,8.98,8,41.55,44.85,100.0,1.000
2026-10-01T09:10:00Z,2026-10-01T09:20:00Z,600,600,0,0,0,0x0000,0x0000,-0.0009,0.1823,-0.58,2.18,-6.20,3.43,2.11087,2.11024,2.11143,42.453,42.453,42.453,9.00,9,41.78,45.02,100.0,1.000
2026-10-01T09:20:00Z,2026-10-01T09:30:00Z,600,600,0,0,0,0x0000,0x0000,-0.0022,0.1997,0.25,2.24,-3.45,7.45,2.11093,2.11046,2.11172,42.453,42.453,42.453,9.18,9,41.85,44.83,100.0,1.000
2026-10-01T09:30:00Z,2026-10-01T09:40:00Z,600,600,0,0,0,0x0000,0x0000,0.0003,0.1821,-0.12,1.79,-4.72,3.25,2.11091,2.11019,2.11131,42.453,42.453,42.453,9.05,8,41.48,44.55,100.0,1.000
2026-10-01T09:40:00Z,2026-10-01T09:50:00Z,600,600,0,0,0,0x0000,0x0000,0.0063,0.1728,0.07,1.72,-4.59,4.15,2.11094,2.11039,2.11136,42.453,42.453,42.453,8.68,8,41.42,44.84,100.0,1.000
2026-10-01T09:50:00Z,2026-10-01T10:00:00Z,600,600,0,0,0,0x0000,0x0000,-0.0084,0.1864,0.02,2.58,-6.17,7.28,2.11094,2.11026,2.11158,42.453,42.453,42.453,9.13,9,41.65,44.58,100.0,1.000
2026-10-01T10:00:00Z,2026-10-01T10:10:00Z,600,600,0,0,0,0x0000,0x0000,-0.0001,0.2121,0.01,2.43,-5.61,6.37,2.11095,2.11033,2.11169,42.453,42.453,42.453,9.28,9,41.40,44.70,100.0,1.000
2026-10-01T10:10:00Z,2026-10-01T10:20:00Z,600,600,0,0,0,0x0000,0x0000,0.0127,0.2013,0.14,2.13,-4.23,7.61,2.11093,2.11039,2.11185,42.453,42.453,42.453,8.90,8,41.63,45.33,100.0,1.000
2026-10-01T10:20:00Z,2026-10-01T10:30:00Z,600,600,0,0,0,0x0000,0x0000,-0.0076,0.1683,-0.19,2.07,-3.92,6.32,2.11092,2.11044,2.11133,42.453,42.447,42.453,7.05,7,43.06,45.36,100.0,1.000
2026-10-01T10:30:00Z,2026-10-01T10:40:00Z,600,600,0,0,0,0x0000,0x0000,-0.0015,0.1517,0.12,2.13,-4.41,4.12,2.11093,2.11037,2.11136,42.453,42.452,42.453,7.00,7,43.80,45.16,100.0,1.000
2026-10-01T10:40:00Z,2026-10-01T10:50:00Z,551,551,0,0,0,0x0000,0x0000,-0.0079,0.1504,-0.29,1.58,-4.55,2.34,2.11091,2.11051,2.11124,42.453,42.444,42.453,7.78,7,43.27,45.16,100.0,1.000
2026-10-01T10:50:00Z,2026-10-01T11:00:00Z,600,600,0,0,0,0x0000,0x0000,0.0034,0.1674,-0.13,2.25,-5.42,5.38,2.11092,2.11040,2.11147,42.453,42.453,42.453,8.41,8,42.56,44.66,100.0,1.000
2026-10-01T11:00:00Z,2026-10-01T11:10:00Z,462,462,0,0,0,0x0000,0x0000,-0.0047,0.1863,0.36,2.40,-5.11,4.13,2.11095,2.11040,2.11139,42.453,42.453,42.453,8.83,8,41.94,43.97,100.0,1.000
2026-10-01T11:10:00Z,2026-10-01T11:20:00Z,600,600,0,0,0,0x0000,0x0000,-0.0043,0.1729,0.26,1.67,-3.84,4.02,2.11095,2.11045,2.11148,42.453,42.453,42.453,8.50,8,42.13,44.52,100.0,1.000
2026-10-01T11:20:00Z,2026-10-01T11:30:00Z,600,600,0,0,0,0x0000,0x0000,-0.0018,0.2443,0.14,2.21,-5.11,6.44,2.11096,2.11020,2.11162,42.453,42.453,42.453,8.00,8,42.85,44.34,100.0,1.000
2026-10-01T11:30:00Z,2026-10-01T11:40:00Z,600,600,0,0,0,0x0000,0x0000,0.0018,0.1527,-0.48,1.61,-4.32,2.72,2.11089,2.11046,2.11123,42.453,42.453,42.453,8.74,8,42.55,44.10,100.0,1.000
2026-10-01T11:40:00Z,2026-10-01T11:50:00Z,600,600,0,0,0,0x0000,0x0000,0.0037,0.1570,0.08,1.65,-3.59,3.10,2.11094,2.11056,2.11140,42.457,42.453,42.471,9.00,9,42.79,44.80,100.0,1.000
2026-10-01T11:50:00Z,2026-10-01T12:00:00Z,600,600,0,0,0,0x0000,0x0000,-0.0021,0.1583,-0.08,1.26,-2.65,3.22,2.11093,2.11051,2.11132,42.592,42.462,42.699,9.00,9,42.74,44.97,100.0,1.000
2026-10-01T12:00:00Z,2026-10-01T12:10:00Z,600,600,0,0,0,0x0000,0x0000,-0.0031,0.1578,0.75,1.44,-2.21,4.05,2.11102,2.11066,2.11142,42.702,42.680,42.708,9.00,9,42.68,44.17,100.0,1.000
2026-10-01T12:10:00Z,2026-10-01T12:20:00Z,600,600,0,0,0,0x0000,0x0000,0.0024,0.1586,-0.34,2.12,-4.05,5.88,2.11094,2.11055,2.11149,42.708,42.708,42.708,9.00,9,42.81,44.81,100.0,1.000
2026-10-01T12:20:00Z,2026-10-01T12:30:00Z,600,600,0,0,0,0x0000,0x0000,0.0015,0.1519,0.17,1.66,-3.25,4.17,2.11095,2.11051,2.11136,42.709,42.708,42.724,9.13,9,42.34,44.71,100.0,1.000
2026-10-01T12:30:00Z,2026-10-01T12:40:00Z,600,600,0,0,0,0x0000,0x0000,0.0018,0.1652,-0.04,2.36,-4.46,6.79,2.11097,2.11052,2.11163,42.927,42.722,42.964,10.61,10,41.71,45.20,100.0,1.000
2026-10-01T12:40:00Z,2026-10-01T12:50:00Z,600,600,0,0,0,0x0000,0x0000,-0.0006,0.1894,-0.20,2.71,-5.40,5.53,2.11096,2.11036,2.11161,42.964,42.964,42.964,10.20,10,41.86,45.48,100.0,1.000
2026-10-01T12:50:00Z,2026-10-01T13:00:00Z,600,600,0,0,0,0x0000,0x0000,0.0003,0.2117,0.18,2.39,-5.11,7.20,2.11097,2.11044,2.11177,42.964,42.964,42.964,10.00,10,42.24,45.35,100.0,1.000
2026-10-01T13:00:00Z,2026-10-01T13:10:00Z,600,600,0,0,0,0x0000,0x0000,-0.0024,0.1828,-0.26,2.63,-4.90,7.27,2.11097,2.11050,2.11187,42.964,42.964,42.964,9.69,9,42.36,45.17,100.0,1.000
2026-10-01T13:10:00Z,2026-10-01T13:20:00Z,600,600,0,0,0,0x0000,0x0000,0.0065,0.1547,0.32,2.19,-5.43,4.60,2.11101,2.11040,2.11143,42.964,42.964,42.964,9.00,9,42.91,44.97,100.0,1.000
2026-10-01T13:20:00Z,2026-10-01T13:30:00Z,600,600,0,0,0,0x0000,0x0000,-0.0057,0.1507,0.29,1.30,-2.04,4.25,2.11102,2.11070,2.11137,42.970,42.964,43.025,8.95,8,42.58,44.79,100.0,1.000
2026-10-01T13:30:00Z,2026-10-01T13:40:00Z,600,600,0,0,0,0x0000,0x0000,-0.0023,0.1542,-0.30,1.37,-3.15,3.86,2.11100,2.11061,2.11142,43.163,43.035,43.209,8.14,8,42.82,44.33,100.0,1.000
2026-10-01T13:40:00Z,2026-10-01T13:50:00Z,600,600,0,0,0,0x0000,0x0000,0.0020,0.1409,0.60,1.30,-2.00,4.30,2.11105,2.11070,2.11144,43.210,43.120,43.221,9.00,9,42.72,44.85,100.0,1.000
2026-10-01T13:50:00Z,2026-10-01T14:00:00Z,600,600,0,0,0,0x0000,0x0000,0.0015,0.2250,-0.31,2.70,-4.61,7.60,2.11101,2.11048,2.11194,43.221,43.221,43.221,8.86,8,41.28,45.04,100.0,1.000
2026-10-01T14:00:00Z,2026-10-01T14:10:00Z,600,600,0,0,0,0x0000,0x0000,0.0001,0.1467,-0.08,0.98,-2.06,3.03,2.11100,2.11068,2.11138,43.221,43.221,43.221,8.36,8,42.26,45.15,100.0,1.000
2026-10-01T14:10:00Z,2026-10-01T14:20:00Z,600,600,0,0,0,0x0000,0x0000,-0.0007,0.1596,0.00,1.22,-2.47,3.05,2.11100,2.11061,2.11135,43.233,43.221,43.319,8.75,8,43.04,45.43,100.0,1.000
2026-10-01T14:20:00Z,2026-10-01T14:30:00Z,600,600,0,0,0,0x0000,0x0000,-0.0036,0.1650,0.33,1.34,-2.89,4.97,2.11103,2.11059,2.11166,43.449,43.310,43.479,9.20,9,42.82,44.83,100.0,1.000
2026-10-01T14:30:00Z,2026-10-01T14:40:00Z,600,600,0,0,0,0x0000,0x0000,0.0018,0.1685,0.37,1.88,-4.46,4.41,2.11108,2.11058,2.11156,43.480,43.479,43.488,9.99,9,42.23,45.04,100.0,1.000
2026-10-01T14:40:00Z,2026-10-01T14:50:00Z,600,600,0,0,0,0x0000,0x0000,0.0059,0.1794,-0.04,1.98,-4.24,5.06,2.11103,2.11063,2.11165,43.547,43.480,43.666,10.57,10,42.00,45.11,100.0,1.000
2026-10-01T14:50:00Z,2026-10-01T15:00:00Z,600,600,0,0,0,0x0000,0x0000,-0.0026,0.1718,-0.64,1.20,-3.90,3.06,2.11099,2.11051,2.11145,43.714,43.651,43.739,11.00,11,42.16,45.34,100.0,1.000
utc_start,utc_end,n_s,normal_s,holdover_s_max,critical_alarm_s,serious_minor_alarm_s,critical_bits,minor_bits,osc_ppb_mean,osc_ppb_std,pps_ns_mean,pps_ns_std,pps_ns_min,pps_ns_max,dac_v_mean,dac_v_min,dac_v_max,temp_c_mean,temp_c_min,temp_c_max,sats_mean,sats_min,level_mean,level_top4,time_constant_s,damping,cable_delay_ns
2026-10-01T15:00:00Z,2026-10-01T15:10:00Z,292,292,0,0,0,0x0000,0x0000,0.0024,0.1504,-0.93,0.73,-2.22,0.76,2.11096,2.11068,2.11123,43.739,43.739,43.739,10.94,10,41.88,45.05,100.0,1.000,-50.5
2026-10-01T15:10:00Z,2026-10-01T15:20:00Z,600,600,0,0,0,0x0000,0x0000,0.0016,0.1685,0.34,2.14,-3.24,6.75,2.11107,2.11068,2.11159,43.739,43.739,43.739,10.01,10,41.65,45.16,100.0,1.000,-50.5
2026-10-01T15:20:00Z,2026-10-01T15:30:00Z,600,600,0,0,0,0x0000,0x0000,0.0018,0.1757,0.30,1.79,-4.50,4.63,2.11104,2.11045,2.11150,43.739,43.739,43.739,11.37,10,41.90,45.27,100.0,1.000,-50.5
2026-10-01T15:30:00Z,2026-10-01T15:40:00Z,600,600,0,0,0,0x0000,0x0000,-0.0024,0.1931,0.12,2.00,-4.65,4.76,2.11106,2.11057,2.11164,43.753,43.739,43.809,11.90,11,41.67,45.59,100.0,1.000,-50.5
2026-10-01T15:40:00Z,2026-10-01T15:50:00Z,339,339,0,0,0,0x0000,0x0000,0.0036,0.1900,-0.57,1.62,-6.51,2.15,2.11102,2.11033,2.11131,43.782,43.752,43.863,11.00,11,41.59,44.95,100.0,1.000,-50.5
2026-10-01T15:50:00Z,2026-10-01T16:00:00Z,600,600,0,0,0,0x0000,0x0000,-0.0008,0.1868,0.33,2.12,-4.94,5.55,2.11108,2.11054,2.11166,43.908,43.843,43.974,10.46,10,41.52,44.71,100.0,1.000,-50.5
2026-10-01T16:00:00Z,2026-10-01T16:10:00Z,600,600,0,0,0,0x0000,0x0000,0.0010,0.1996,-0.02,2.32,-5.58,6.23,2.11105,2.11050,2.11167,43.955,43.811,43.997,10.08,10,41.56,44.83,100.0,1.000,-50.5
2026-10-01T16:10:00Z,2026-10-01T16:20:00Z,600,600,0,0,0,0x0000,0x0000,-0.0024,0.1918,-0.31,1.98,-4.26,4.73,2.11102,2.11061,2.11153,43.754,43.739,43.835,9.96,9,42.19,44.96,100.0,1.000,-50.5
2026-10-01T16:20:00Z,2026-10-01T16:30:00Z,600,600,0,0,0,0x0000,0x0000,-0.0055,0.1781,0.22,2.09,-3.49,5.29,2.11108,2.11069,2.11164,43.740,43.739,43.749,9.07,8,42.18,45.14,100.0,1.000,-50.5
2026-10-01T16:30:00Z,2026-10-01T16:40:00Z,600,600,0,0,0,0x0000,0x0000,0.0151,0.2234,0.33,3.07,-6.27,8.61,2.11107,2.11027,2.11200,43.739,43.739,43.745,7.55,7,42.56,45.46,100.0,1.000,-50.5
2026-10-01T16:40:00Z,2026-10-01T16:50:00Z,600,600,0,0,0,0x0000,0x0000,-0.0141,0.2001,-0.14,2.52,-3.95,6.83,2.11106,2.11063,2.11194,43.738,43.718,43.739,6.97,6,42.44,46.01,100.0,1.000,-50.5
2026-10-01T16:50:00Z,2026-10-01T17:00:00Z,600,600,0,0,0,0x0000,0x0000,0.0028,0.2349,-0.12,3.24,-5.48,7.36,2.11104,2.11045,2.11183,43.616,43.501,43.724,7.96,7,43.17,46.09,100.0,1.000,-50.5
2026-10-01T17:00:00Z,2026-10-01T17:10:00Z,600,600,0,0,0,0x0000,0x0000,0.0031,0.2593,-0.38,2.71,-6.10,6.31,2.11105,2.11029,2.11195,43.566,43.481,43.669,7.43,7,42.18,46.09,100.0,1.000,-50.5
2026-10-01T17:10:00Z,2026-10-01T17:20:00Z,600,600,0,0,0,0x0000,0x0000,-0.0057,0.2082,-0.31,2.59,-5.17,6.96,2.11100,2.11034,2.11177,43.489,43.479,43.534,7.28,7,42.13,45.81,100.0,1.000,-50.5
2026-10-01T17:20:00Z,2026-10-01T17:30:00Z,600,600,0,0,0,0x0000,0x0000,0.0072,0.2800,0.04,3.75,-7.66,9.23,2.11106,2.11044,2.11193,43.479,43.479,43.479,8.08,6,41.83,45.18,100.0,1.000,-50.5
2026-10-01T17:30:00Z,2026-10-01T17:40:00Z,600,600,0,0,0,0x0000,0x0000,-0.0098,0.2394,0.17,2.84,-5.13,8.42,2.11107,2.11046,2.11202,43.479,43.479,43.479,8.99,8,41.82,45.20,100.0,1.000,-50.5
2026-10-01T17:40:00Z,2026-10-01T17:50:00Z,600,600,0,0,0,0x0000,0x0000,0.0048,0.1711,0.12,1.56,-3.98,3.54,2.11103,2.11060,2.11147,43.477,43.465,43.479,9.69,8,41.29,45.27,100.0,1.000,-50.5
2026-10-01T17:50:00Z,2026-10-01T18:00:00Z,600,600,0,0,0,0x0000,0x0000,0.0011,0.1995,0.16,2.07,-5.65,5.17,2.11104,2.11045,2.11154,43.446,43.358,43.479,10.12,9,41.53,45.39,100.0,1.000,-50.5
2026-10-01T18:00:00Z,2026-10-01T18:10:00Z,600,600,0,0,0,0x0000,0x0000,0.0030,0.2400,-0.45,2.18,-5.44,6.81,2.11102,2.11036,2.11169,43.269,43.222,43.362,10.88,10,41.81,45.32,100.0,1.000,-50.5
2026-10-01T18:10:00Z,2026-10-01T18:20:00Z,600,600,0,0,0,0x0000,0x0000,-0.0116,0.2236,-0.02,2.25,-5.90,7.99,2.11101,2.11044,2.11200,43.221,43.221,43.222,10.33,9,42.11,45.31,100.0,1.000,-50.5
2026-10-01T18:20:00Z,2026-10-01T18:30:00Z,600,600,0,0,0,0x0000,0x0000,0.0019,0.1685,-0.17,2.11,-5.07,3.57,2.11101,2.11050,2.11140,43.221,43.221,43.221,10.00,10,42.24,45.27,100.0,1.000,-50.5
2026-10-01T18:30:00Z,2026-10-01T18:40:00Z,600,600,0,0,0,0x0000,0x0000,0.0070,0.2452,0.13,2.98,-5.00,10.11,2.11101,2.11047,2.11202,43.204,43.164,43.221,9.74,9,41.76,44.92,100.0,1.000,-50.5
2026-10-01T18:40:00Z,2026-10-01T18:50:00Z,600,600,0,0,0,0x0000,0x0000,-0.0023,0.1724,0.28,1.63,-4.29,3.44,2.11102,2.11038,2.11140,43.038,42.966,43.184,9.08,8,42.29,44.85,100.0,1.000,-50.5
2026-10-01T18:50:00Z,2026-10-01T19:00:00Z,600,600,0,0,0,0x0000,0x0000,0.0009,0.2153,-0.42,2.67,-5.81,5.49,2.11098,2.11037,2.11150,42.967,42.964,42.978,9.28,8,41.88,44.98,100.0,1.000,-50.5
2026-10-01T19:00:00Z,2026-10-01T19:10:00Z,600,600,0,0,0,0x0000,0x0000,0.0012,0.1898,0.23,2.03,-4.35,5.56,2.11101,2.11050,2.11169,42.967,42.964,42.977,9.71,9,41.85,45.38,100.0,1.000,-50.5
2026-10-01T19:10:00Z,2026-10-01T19:20:00Z,600,600,0,0,0,0x0000,0x0000,0.0012,0.1573,-0.26,1.54,-4.64,3.10,2.11098,2.11053,2.11138,42.965,42.964,42.977,9.21,9,41.56,44.94,100.0,1.000,-50.5
2026-10-01T19:20:00Z,2026-10-01T19:30:00Z,600,600,0,0,0,0x0000,0x0000,-0.0001,0.1910,0.13,1.84,-4.55,4.45,2.11101,2.11049,2.11149,42.964,42.964,42.964,9.00,9,42.27,44.84,100.0,1.000,-50.5
2026-10-01T19:30:00Z,2026-10-01T19:40:00Z,600,600,0,0,0,0x0000,0x0000,-0.0008,0.1768,-0.14,2.14,-5.99,5.59,2.11095,2.11044,2.11166,42.964,42.964,42.964,8.97,8,42.48,45.01,100.0,1.000,-50.5
2026-10-01T19:40:00Z,2026-10-01T19:50:00Z,600,600,0,0,0,0x0000,0x0000,-0.0023,0.1817,0.11,2.41,-5.31,5.98,2.11100,2.11045,2.11151,42.963,42.949,42.964,8.45,8,41.64,45.07,100.0,1.000,-50.5
2026-10-01T19:50:00Z,2026-10-01T20:00:00Z,600,600,0,0,0,0x0000,0x0000,0.0062,0.2256,-0.26,2.83,-6.35,10.61,2.11097,2.11036,2.11229,42.949,42.892,42.964,8.58,8,40.76,44.69,100.0,1.000,-50.5
2026-10-01T20:00:00Z,2026-10-01T20:10:00Z,600,600,0,0,0,0x0000,0x0000,-0.0043,0.2152,-0.16,1.84,-5.79,3.46,2.11094,2.11036,2.11151,42.753,42.708,42.898,8.00,8,41.72,45.00,100.0,1.000,-50.5
2026-10-01T20:10:00Z,2026-10-01T20:20:00Z,600,600,0,0,0,0x0000,0x0000,0.0002,0.2281,0.10,2.64,-7.16,5.73,2.11097,2.11027,2.11160,42.708,42.708,42.708,8.08,7,41.76,45.25,100.0,1.000,-50.5
2026-10-01T20:20:00Z,2026-10-01T20:30:00Z,600,600,0,0,0,0x0000,0x0000,-0.0034,0.1986,-0.11,2.46,-4.26,6.70,2.11095,2.11037,2.11159,42.708,42.708,42.708,8.21,8,41.35,45.09,100.0,1.000,-50.5
2026-10-01T20:30:00Z,2026-10-01T20:40:00Z,600,600,0,0,0,0x0000,0x0000,0.0017,0.1842,-0.16,1.86,-3.92,3.50,2.11093,2.11035,2.11136,42.708,42.708,42.708,8.04,8,41.62,45.27,100.0,1.000,-50.5
2026-10-01T20:40:00Z,2026-10-01T20:50:00Z,600,600,0,0,0,0x0000,0x0000,-0.0023,0.1850,0.37,2.20,-5.14,5.83,2.11099,2.11041,2.11167,42.708,42.708,42.708,8.01,7,40.77,45.33,100.0,1.000,-50.5
2026-10-01T20:50:00Z,2026-10-01T21:00:00Z,600,600,0,0,0,0x0000,0x0000,0.0084,0.2101,0.45,2.56,-3.08,6.86,2.11099,2.11042,2.11181,42.708,42.708,42.708,8.80,7,40.27,45.51,100.0,1.000,-50.5
2026-10-01T21:00:00Z,2026-10-01T21:10:00Z,600,600,0,0,0,0x0000,0x0000,-0.0027,0.2506,-0.81,2.42,-6.01,4.34,2.11090,2.11032,2.11157,42.708,42.708,42.708,8.81,8,40.56,45.45,100.0,1.000,-50.5
2026-10-01T21:10:00Z,2026-10-01T21:20:00Z,600,600,0,0,0,0x0000,0x0000,0.0053,0.2163,-0.12,2.21,-4.69,4.75,2.11094,2.11048,2.11150,42.708,42.708,42.708,9.19,9,41.18,45.17,100.0,1.000,-50.5
2026-10-01T21:20:00Z,2026-10-01T21:30:00Z,600,600,0,0,0,0x0000,0x0000,-0.0169,0.2394,-0.14,3.05,-6.20,6.93,2.11094,2.11024,2.11169,42.708,42.708,42.708,10.17,9,41.25,45.07,100.0,1.000,-50.5
2026-10-01T21:30:00Z,2026-10-01T21:40:00Z,600,600,0,0,0,0x0000,0x0000,0.0108,0.2527,0.23,2.90,-5.98,9.08,2.11097,2.11036,2.11195,42.708,42.708,42.708,10.46,10,41.00,45.13,100.0,1.000,-50.5
2026-10-01T21:40:00Z,2026-10-01T21:50:00Z,600,600,0,0,0,0x0000,0x0000,0.0027,0.2619,0.04,3.23,-6.74,8.81,2.11094,2.11027,2.11171,42.708,42.708,42.708,10.39,10,41.13,45.29,100.0,1.000,-50.5
2026-10-01T21:50:00Z,2026-10-01T22:00:00Z,600,600,0,0,0,0x0000,0x0000,-0.0036,0.2069,0.24,2.11,-3.32,6.62,2.11096,2.11052,2.11163,42.693,42.612,42.708,9.59,9,42.44,45.58,100.0,1.000,-50.5
2026-10-01T22:00:00Z,2026-10-01T22:10:00Z,600,600,0,0,0,0x0000,0x0000,0.0019,0.2271,-0.06,3.17,-6.09,8.38,2.11099,2.11039,2.11182,42.483,42.453,42.631,7.64,7,43.07,45.81,100.0,1.000,-50.5
2026-10-01T22:10:00Z,2026-10-01T22:20:00Z,600,600,0,0,0,0x0000,0x0000,-0.0056,0.1967,0.14,2.04,-5.48,5.28,2.11097,2.11031,2.11178,42.453,42.453,42.453,7.00,7,43.17,45.09,100.0,1.000,-50.5
2026-10-01T22:20:00Z,2026-10-01T22:30:00Z,600,600,0,0,0,0x0000,0x0000,0.0050,0.2269,-0.29,2.45,-6.10,6.13,2.11093,2.11032,2.11176,42.453,42.453,42.453,7.84,7,42.49,44.98,100.0,1.000,-50.5
2026-10-01T22:30:00Z,2026-10-01T22:40:00Z,600,600,0,0,0,0x0000,0x0000,-0.0005,0.2400,0.51,3.09,-9.41,4.87,2.11100,2.11004,2.11160,42.453,42.453,42.453,8.37,7,41.66,44.73,100.0,1.000,-50.5
2026-10-01T22:40:00Z,2026-10-01T22:50:00Z,600,600,0,0,0,0x0000,0x0000,0.0033,0.2218,-0.66,2.19,-6.17,5.78,2.11093,2.11027,2.11178,42.453,42.453,42.453,8.71,7,41.38,44.54,100.0,1.000,-50.5
2026-10-01T22:50:00Z,2026-10-01T23:00:00Z,600,600,0,0,0,0x0000,0x0000,-0.0100,0.2215,-0.04,2.66,-4.48,6.72,2.11094,2.11047,2.11167,42.453,42.453,42.453,7.61,6,41.44,44.82,100.0,1.000,-50.5
2026-10-01T23:00:00Z,2026-10-01T23:10:00Z,600,600,0,0,0,0x0000,0x0000,0.0119,0.1600,0.29,1.86,-4.31,3.70,2.11099,2.11043,2.11136,42.452,42.439,42.453,7.29,7,42.35,44.54,100.0,1.000,-50.5
2026-10-01T23:10:00Z,2026-10-01T23:20:00Z,600,600,0,0,0,0x0000,0x0000,-0.0083,0.1694,0.03,2.14,-4.23,4.26,2.11096,2.11051,2.11152,42.437,42.409,42.453,8.00,8,42.83,44.67,100.0,1.000,-50.5
2026-10-01T23:20:00Z,2026-10-01T23:30:00Z,600,600,0,0,0,0x0000,0x0000,0.0069,0.1826,-0.38,1.85,-3.82,5.51,2.11092,2.11040,2.11159,42.389,42.294,42.449,8.00,8,42.39,43.98,100.0,1.000,-50.5
2026-10-01T23:30:00Z,2026-10-01T23:40:00Z,600,600,0,0,0,0x0000,0x0000,-0.0025,0.1664,0.29,1.76,-3.82,6.23,2.11095,2.11051,2.11157,42.262,42.222,42.327,8.00,8,42.84,44.42,100.0,1.000,-50.5
2026-10-01T23:40:00Z,2026-10-01T23:50:00Z,600,600,0,0,0,0x0000,0x0000,-0.0027,0.1868,-0.11,2.05,-3.69,4.93,2.11093,2.11049,2.11161,42.215,42.202,42.241,8.00,8,42.39,44.38,100.0,1.000,-50.5
2026-10-01T23:50:00Z,2026-10-02T00:00:00Z,600,600,0,0,0,0x0000,0x0000,0.0038,0.2056,-0.07,1.90,-4.30,3.42,2.11092,2.11036,2.11149,42.219,42.201,42.301,8.02,8,42.18,44.60,100.0,1.000,-50.5
2026-10-02T00:00:00Z,2026-10-02T00:10:00Z,600,600,0,0,0,0x0000,0x0000,0.0067,0.1695,-0.35,2.09,-4.42,7.03,2.11088,2.11037,2.11154,42.437,42.291,42.453,9.82,8,41.51,45.07,100.0,1.000,-50.5
2026-10-02T00:10:00Z,2026-10-02T00:20:00Z,600,600,0,0,0,0x0000,0x0000,-0.0024,0.2368,0.15,3.04,-6.83,7.55,2.11094,2.11022,2.11167,42.453,42.453,42.453,10.01,9,40.88,45.29,100.0,1.000,-50.5
2026-10-02T00:20:00Z,2026-10-02T00:30:00Z,600,600,0,0,0,0x0000,0x0000,-0.0036,0.2021,-0.29,3.34,-6.19,8.41,2.11091,2.11036,2.11175,42.453,42.447,42.453,10.22,9,41.50,45.62,100.0,1.000,-50.5
2026-10-02T00:30:00Z,2026-10-02T00:40:00Z,600,600,0,0,0,0x0000,0x0000,-0.0070,0.2180,0.50,2.58,-5.14,7.44,2.11098,2.11046,2.11179,42.428,42.381,42.453,9.15,8,41.72,45.42,100.0,1.000,-50.5
2026-10-02T00:40:00Z,2026-10-02T00:50:00Z,600,600,0,0,0,0x0000,0x0000,0.0088,0.1966,-0.26,2.48,-4.19,5.64,2.11089,2.11046,2.11158,42.289,42.200,42.409,8.29,8,42.01,45.48,100.0,1.000,-50.5
2026-10-02T00:50:00Z,2026-10-02T01:00:00Z,600,600,0,0,0,0x0000,0x0000,-0.0033,0.2130,-0.18,3.08,-6.14,7.11,2.11088,2.11023,2.11163,42.205,42.200,42.223,8.90,8,41.58,44.99,100.0,1.000,-50.5
2026-10-02T01:00:00Z,2026-10-02T01:10:00Z,600,600,0,0,0,0x0000,0x0000,0.0010,0.2622,0.26,3.19,-8.24,11.07,2.11093,2.10995,2.11199,42.206,42.200,42.222,9.17,9,41.40,45.52,100.0,1.000,-50.5
2026-10-02T01:10:00Z,2026-10-02T01:20:00Z,600,600,0,0,0,0x0000,0x0000,-0.0082,0.2679,-0.20,3.02,-6.70,9.50,2.11091,2.11019,2.11218,42.202,42.200,42.220,9.00,9,41.89,45.09,100.0,1.000,-50.5
2026-10-02T01:20:00Z,2026-10-02T01:30:00Z,600,600,0,0,0,0x0000,0x0000,0.0062,0.1902,0.43,1.97,-3.75,5.93,2.11095,2.11051,2.11150,42.200,42.200,42.200,9.12,9,42.35,45.77,100.0,1.000,-50.5
2026-10-02T01:30:00Z,2026-10-02T01:40:00Z,600,600,0,0,0,0x0000,0x0000,0.0011,0.2237,-0.60,2.13,-4.95,6.50,2.11087,2.11039,2.11170,42.200,42.200,42.200,8.88,8,42.15,45.68,100.0,1.000,-50.5
2026-10-02T01:40:00Z,2026-10-02T01:50:00Z,600,600,0,0,0,0x0000,0x0000,0.0071,0.1990,0.43,2.53,-4.46,6.26,2.11095,2.11042,2.11160,42.200,42.200,42.206,7.48,7,43.16,45.59,100.0,1.000,-50.5
2026-10-02T01:50:00Z,2026-10-02T02:00:00Z,600,600,0,0,0,0x0000,0x0000,-0.0148,0.2430,-0.30,3.35,-6.87,9.81,2.11091,2.11030,2.11183,42.203,42.200,42.227,6.87,6,43.14,45.65,100.0,1.000,-50.5
2026-10-02T02:00:00Z,2026-10-02T02:10:00Z,600,600,0,0,0,0x0000,0x0000,0.0076,0.2639,0.41,3.78,-9.23,9.55,2.11096,2.10999,2.11173,42.355,42.209,42.453,7.67,6,41.96,45.60,100.0,1.000,-50.5
2026-10-02T02:10:00Z,2026-10-02T02:20:00Z,600,600,0,0,0,0x0000,0x0000,0.0075,0.1792,-0.04,1.55,-3.78,5.89,2.11094,2.11037,2.11164,42.453,42.453,42.453,8.68,8,42.03,45.27,100.0,1.000,-50.5
2026-10-02T02:20:00Z,2026-10-02T02:30:00Z,600,600,0,0,0,0x0000,0x0000,-0.0084,0.1619,0.35,1.99,-3.95,6.02,2.11096,2.11051,2.11142,42.453,42.453,42.453,8.00,8,42.48,44.99,100.0,1.000,-50.5
2026-10-02T02:30:00Z,2026-10-02T02:40:00Z,600,600,0,0,0,0x0000,0x0000,0.0026,0.1782,-0.68,2.30,-5.80,5.03,2.11091,2.11033,2.11156,42.453,42.453,42.453,8.26,8,43.25,45.23,100.0,1.000,-50.5
2026-10-02T02:40:00Z,2026-10-02T02:50:00Z,600,600,0,0,0,0x0000,0x0000,-0.0029,0.1752,0.73,1.86,-2.28,4.90,2.11098,2.11051,2.11140,42.453,42.453,42.453,9.45,9,42.95,45.29,100.0,1.000,-50.5
2026-10-02T02:50:00Z,2026-10-02T03:00:00Z,600,600,0,0,0,0x0000,0x0000,-0.0043,0.2039,-0.12,2.53,-5.36,6.26,2.11093,2.11037,2.11155,42.462,42.453,42.478,10.00,10,42.62,45.06,100.0,1.000,-50.5
2026-10-02T03:00:00Z,2026-10-02T03:10:00Z,600,600,0,0,0,0x0000,0x0000,-0.0084,0.1691,-0.16,1.64,-7.04,3.18,2.11094,2.11025,2.11147,42.486,42.458,42.526,10.00,10,42.40,44.98,100.0,1.000,-50.5
2026-10-02T03:10:00Z,2026-10-02T03:20:00Z,600,600,0,0,0,0x0000,0x0000,0.0074,0.2012,-0.17,3.43,-8.06,7.99,2.11090,2.11009,2.11175,42.465,42.453,42.507,9.13,9,42.72,44.65,100.0,1.000,-50.5
2026-10-02T03:20:00Z,2026-10-02T03:30:00Z,600,600,0,0,0,0x0000,0x0000,0.0088,0.1781,-0.33,2.07,-4.66,4.79,2.11089,2.11040,2.11154,42.456,42.453,42.466,8.91,8,42.71,45.00,100.0,1.000,-50.5
2026-10-02T03:30:00Z,2026-10-02T03:40:00Z,600,600,0,0,0,0x0000,0x0000,-0.0006,0.1663,0.20,2.10,-4.38,4.33,2.11092,2.11043,2.11135,42.455,42.453,42.466,8.21,8,42.20,45.48,100.0,1.000,-50.5
2026-10-02T03:40:00Z,2026-10-02T03:50:00Z,600,600,0,0,0,0x0000,0x0000,-0.0008,0.1717,0.05,1.56,-2.82,4.61,2.11093,2.11052,2.11160,42.465,42.453,42.514,8.00,8,43.19,45.34,100.0,1.000,-50.5
2026-10-02T03:50:00Z,2026-10-02T04:00:00Z,600,600,0,0,0,0x0000,0x0000,-0.0012,0.1725,0.12,2.40,-6.37,3.93,2.11093,2.11021,2.11133,42.454,42.453,42.461,8.00,8,43.47,45.74,100.0,1.000,-50.5
2026-10-02T04:00:00Z,2026-10-02T04:10:00Z,600,600,0,0,0,0x0000,0x0000,-0.0061,0.1982,-0.09,2.49,-4.64,7.69,2.11092,2.11041,2.11178,42.453,42.453,42.453,8.66,8,42.91,45.44,100.0,1.000,-50.5
2026-10-02T04:10:00Z,2026-10-02T04:20:00Z,600,600,0,0,0,0x0000,0x0000,0.0100,0.1883,0.87,3.13,-6.19,8.19,2.11097,2.11020,2.11162,42.453,42.453,42.453,9.00,9,42.49,45.40,100.0,1.000,-50.5
2026-10-02T04:20:00Z,2026-10-02T04:30:00Z,600,600,0,0,0,0x0000,0x0000,-0.0025,0.2059,-0.89,2.02,-4.71,3.49,2.11088,2.11036,2.11141,42.453,42.453,42.453,8.66,8,42.41,45.37,100.0,1.000,-50.5
2026-10-02T04:30:00Z,2026-10-02T04:40:00Z,600,600,0,0,0,0x0000,0x0000,-0.0129,0.2587,0.29,2.99,-6.46,11.08,2.11097,2.11031,2.11213,42.453,42.453,42.453,8.20,8,42.75,45.72,100.0,1.000,-50.5
2026-10-02T04:40:00Z,2026-10-02T04:50:00Z,600,600,0,0,0,0x0000,0x0000,0.0083,0.1849,-0.27,2.74,-6.18,6.64,2.11089,2.11032,2.11154,42.453,42.453,42.453,8.78,8,42.24,45.22,100.0,1.000,-50.5
2026-10-02T04:50:00Z,2026-10-02T05:00:00Z,600,600,0,0,0,0x0000,0x0000,0.0103,0.1978,-0.44,2.64,-8.05,5.36,2.11091,2.11019,2.11164,42.453,42.453,42.453,8.00,8,42.51,45.30,100.0,1.000,-50.5
2026-10-02T05:00:00Z,2026-10-02T05:10:00Z,600,600,0,0,0,0x0000,0x0000,0.0021,0.2447,0.73,4.04,-7.15,11.32,2.11098,2.11018,2.11183,42.453,42.453,42.453,8.77,8,41.32,45.10,100.0,1.000,-50.5
2026-10-02T05:10:00Z,2026-10-02T05:20:00Z,600,600,0,0,0,0x0000,0x0000,-0.0065,0.2182,-0.54,2.55,-7.50,6.26,2.11091,2.11022,2.11145,42.454,42.453,42.460,9.07,8,40.92,45.54,100.0,1.000,-50.5
2026-10-02T05:20:00Z,2026-10-02T05:30:00Z,600,600,0,0,0,0x0000,0x0000,-0.0074,0.1872,-0.10,1.83,-3.80,3.81,2.11089,2.11051,2.11141,42.454,42.453,42.460,9.12,8,42.03,45.31,100.0,1.000,-50.5
2026-10-02T05:30:00Z,2026-10-02T05:40:00Z,600,600,0,0,0,0x0000,0x0000,0.0028,0.1916,-0.05,1.87,-3.37,5.19,2.11090,2.11050,2.11145,42.453,42.453,42.453,9.37,9,41.94,44.68,100.0,1.000,-50.5
2026-10-02T05:40:00Z,2026-10-02T05:50:00Z,600,600,0,0,0,0x0000,0x0000,0.0002,0.2299,0.30,2.83,-6.32,6.85,2.11094,2.11023,2.11177,42.454,42.453,42.462,10.06,8,41.42,44.80,100.0,1.000,-50.5
2026-10-02T05:50:00Z,2026-10-02T06:00:00Z,600,600,0,0,0,0x0000,0x0000,-0.0004,0.2176,0.35,1.96,-3.29,4.91,2.11094,2.11046,2.11151,42.471,42.453,42.527,10.50,9,40.98,44.35,100.0,1.000,-50.5
2026-10-02T06:00:00Z,2026-10-02T06:10:00Z,600,600,0,0,0,0x0000,0x0000,-0.0023,0.2207,0.13,3.01,-8.25,5.97,2.11094,2.11003,2.11158,42.462,42.453,42.500,9.63,8,41.38,44.40,100.0,1.000,-50.5
2026-10-02T06:10:00Z,2026-10-02T06:20:00Z,600,600,0,0,0,0x0000,0x0000,-0.0020,0.2645,-0.06,2.28,-4.20,5.90,2.11096,2.11027,2.11166,42.453,42.453,42.453,9.80,9,41.68,44.12,100.0,1.000,-50.5
2026-10-02T06:20:00Z,2026-10-02T06:30:00Z,600,600,0,0,0,0x0000,0x0000,0.0100,0.1967,-0.17,2.22,-4.34,5.72,2.11094,2.11050,2.11170,42.453,42.453,42.453,9.61,8,41.95,44.41,100.0,1.000,-50.5
2026-10-02T06:30:00Z,2026-10-02T06:40:00Z,600,600,0,0,0,0x0000,0x0000,-0.0082,0.2306,0.06,2.70,-6.71,6.06,2.11094,2.11020,2.11164,42.453,42.453,42.453,9.97,9,41.64,44.59,100.0,1.000,-50.5
2026-10-02T06:40:00Z,2026-10-02T06:50:00Z,600,600,0,0,0,0x0000,0x0000,-0.0040,0.2379,-0.41,2.60,-5.49,6.35,2.11089,2.11027,2.11159,42.453,42.453,42.453,9.35,9,41.08,44.52,100.0,1.000,-50.5
2026-10-02T06:50:00Z,2026-10-02T07:00:00Z,600,600,0,0,0,0x0000,0x0000,0.0084,0.1739,0.31,2.72,-4.42,6.52,2.11095,2.11044,2.11156,42.453,42.453,42.453,8.12,8,41.87,44.77,100.0,1.000,-50.5
2026-10-02T07:00:00Z,2026-10-02T07:10:00Z,600,600,0,0,0,0x0000,0x0000,0.0011,0.1884,-0.15,2.17,-4.31,5.96,2.11093,2.11047,2.11175,42.453,42.447,42.453,8.00,8,42.45,44.47,100.0,1.000,-50.5
2026-10-02T07:10:00Z,2026-10-02T07:20:00Z,600,600,0,0,0,0x0000,0x0000,-0.0096,0.2141,0.25,2.60,-4.04,8.38,2.11096,2.11040,2.11183,42.453,42.447,42.453,8.00,8,42.19,44.48,100.0,1.000,-50.5
2026-10-02T07:20:00Z,2026-10-02T07:30:00Z,600,600,0,0,0,0x0000,0x0000,0.0065,0.2029,0.25,2.83,-5.38,9.20,2.11094,2.11043,2.11183,42.452,42.442,42.453,7.86,7,42.41,44.93,100.0,1.000,-50.5
2026-10-02T07:30:00Z,2026-10-02T07:40:00Z,600,600,0,0,0,0x0000,0x0000,0.0011,0.1633,-0.45,1.85,-4.61,3.04,2.11093,2.11046,2.11133,42.446,42.433,42.453,8.09,7,41.97,44.29,100.0,1.000,-50.5
2026-10-02T07:40:00Z,2026-10-02T07:50:00Z,600,600,0,0,0,0x0000,0x0000,-0.0030,0.2186,0.06,2.10,-4.23,4.12,2.11091,2.11035,2.11163,42.453,42.453,42.453,8.41,7,41.23,44.93,100.0,1.000,-50.5
2026-10-02T07:50:00Z,2026-10-02T08:00:00Z,600,600,0,0,0,0x0000,0x0000,0.0078,0.1787,0.28,1.78,-2.98,4.48,2.11094,2.11052,2.11144,42.453,42.453,42.453,8.08,8,41.90,45.10,100.0,1.000,-50.5
2026-10-02T08:00:00Z,2026-10-02T08:10:00Z,600,600,0,0,0,0x0000,0x0000,-0.0011,0.1781,0.01,2.08,-2.94,6.90,2.11093,2.11052,2.11162,42.452,42.444,42.453,7.25,7,41.89,45.24,100.0,1.000,-50.5
2026-10-02T08:10:00Z,2026-10-02T08:20:00Z,600,600,0,0,0,0x0000,0x0000,-0.0103,0.1671,-0.05,2.23,-5.15,4.88,2.11095,2.11045,2.11152,42.440,42.331,42.453,6.32,6,43.10,44.70,100.0,1.000,-50.5
2026-10-02T08:20:00Z,2026-10-02T08:30:00Z,600,600,0,0,0,0x0000,0x0000,0.0070,0.1737,-0.33,1.45,-3.39,3.24,2.11093,2.11052,2.11135,42.367,42.282,42.419,6.00,6,43.19,44.44,100.0,1.000,-50.5
2026-10-02T08:30:00Z,2026-10-02T08:40:00Z,600,600,0,0,0,0x0000,0x0000,0.0045,0.1655,0.42,1.54,-3.39,3.77,2.11097,2.11051,2.11153,42.243,42.204,42.319,6.06,6,42.20,44.70,100.0,1.000,-50.5
2026-10-02T08:40:00Z,2026-10-02T08:50:00Z,600,600,0,0,0,0x0000,0x0000,-0.0056,0.2171,-0.32,2.55,-5.13,7.82,2.11090,2.11032,2.11159,42.408,42.203,42.453,7.89,7,41.45,44.07,100.0,1.000,-50.5
2026-10-02T08:50:00Z,2026-10-02T09:00:00Z,600,600,0,0,0,0x0000,0x0000,0.0023,0.1984,0.03,2.17,-5.47,5.67,2.11090,2.11030,2.11145,42.453,42.453,42.453,8.55,8,41.74,44.36,100.0,1.000,-50.5
2026-10-02T09:00:00Z,2026-10-02T09:10:00Z,600,600,0,0,0,0x0000,0x0000,-0.0023,0.2538,-0.02,2.75,-4.53,6.89,2.11092,2.11038,2.11159,42.453,42.453,42.453,9.00,9,41.31,44.87,100.0,1.000,-50.5
2026-10-02T09:10:00Z,2026-10-02T09:20:00Z,600,600,0,0,0,0x0000,0x0000,-0.0021,0.1647,-0.31,1.91,-4.77,4.25,2.11091,2.11041,2.11129,42.453,42.453,42.453,9.05,9,41.55,44.47,100.0,1.000,-50.5
2026-10-02T09:20:00Z,2026-10-02T09:30:00Z,600,600,0,0,0,0x0000,0x0000,0.0018,0.1854,-0.02,1.96,-5.70,4.47,2.11092,2.11037,2.11147,42.454,42.453,42.460,9.01,8,41.39,44.43,100.0,1.000,-50.5
2026-10-02T09:30:00Z,2026-10-02T09:40:00Z,600,600,0,0,0,0x0000,0x0000,-0.0014,0.1613,0.35,1.45,-2.72,4.13,2.11093,2.11053,2.11133,42.454,42.453,42.460,9.18,8,41.21,44.42,100.0,1.000,-50.5
2026-10-02T09:40:00Z,2026-10-02T09:50:00Z,600,600,0,0,0,0x0000,0x0000,0.0029,0.1910,0.35,2.54,-5.87,6.64,2.11096,2.11030,2.11169,42.454,42.453,42.460,8.86,8,41.46,44.64,100.0,1.000,-50.5
2026-10-02T09:50:00Z,2026-10-02T10:00:00Z,600,600,0,0,0,0x0000,0x0000,-0.0041,0.2077,-0.17,1.75,-5.88,4.75,2.11094,2.11030,2.11160,42.454,42.453,42.465,9.16,9,41.50,44.30,100.0,1.000,-50.5
2026-10-02T10:00:00Z,2026-10-02T10:10:00Z,600,600,0,0,0,0x0000,0x0000,0.0097,0.2150,-0.10,2.52,-5.45,5.81,2.11091,2.11033,2.11146,42.455,42.453,42.466,9.21,9,41.54,45.25,100.0,1.000,-50.5
2026-10-02T10:10:00Z,2026-10-02T10:20:00Z,600,600,0,0,0,0x0000,0x0000,-0.0032,0.1893,0.43,2.17,-5.29,4.62,2.11098,2.11036,2.11147,42.458,42.453,42.500,8.12,7,41.70,44.99,100.0,1.000,-50.5
2026-10-02T10:20:00Z,2026-10-02T10:30:00Z,600,600,0,0,0,0x0000,0x0000,-0.0109,0.1646,-0.19,2.14,-4.69,5.16,2.11093,2.11046,2.11146,42.456,42.453,42.475,7.00,7,43.35,45.18,100.0,1.000,-50.5
2026-10-02T10:30:00Z,2026-10-02T10:40:00Z,277,277,0,0,0,0x0000,0x0000,-0.0091,0.1774,0.23,1.96,-2.78,3.52,2.11095,2.11059,2.11133,42.453,42.453,42.453,7.25,7,43.17,44.76,100.0,1.000,-50.5
2026-10-02T10:40:00Z,2026-10-02T10:50:00Z,600,600,0,0,0,0x0000,0x0000,-0.0100,0.1708,0.31,2.64,-6.20,6.79,2.11095,2.11038,2.11162,42.453,42.453,42.453,8.00,8,42.92,44.86,100.0,1.000,-50.5
2026-10-02T10:50:00Z,2026-10-02T11:00:00Z,600,600,0,0,0,0x0000,0x0000,0.0126,0.1868,-0.12,2.83,-5.72,9.80,2.11091,2.11043,2.11172,42.454,42.453,42.469,8.86,8,42.62,44.39,100.0,1.000,-50.5
2026-10-02T11:00:00Z,2026-10-02T11:10:00Z,600,600,0,0,0,0x0000,0x0000,-0.0013,0.1904,-0.05,2.57,-5.71,5.06,2.11095,2.11038,2.11153,42.457,42.453,42.478,8.88,8,41.92,44.56,100.0,1.000,-50.5
2026-10-02T11:10:00Z,2026-10-02T11:20:00Z,600,600,0,0,0,0x0000,0x0000,-0.0053,0.2550,-0.01,2.61,-8.24,5.97,2.11095,2.11017,2.11170,42.454,42.453,42.468,8.20,8,42.68,44.41,100.0,1.000,-50.5
2026-10-02T11:20:00Z,2026-10-02T11:30:00Z,600,600,0,0,0,0x0000,0x0000,0.0035,0.1874,-0.46,2.00,-5.00,3.65,2.11090,2.11041,2.11137,42.453,42.453,42.453,8.15,8,42.73,44.27,100.0,1.000,-50.5
2026-10-02T11:30:00Z,2026-10-02T11:40:00Z,600,600,0,0,0,0x0000,0x0000,-0.0039,0.2098,-0.04,2.29,-6.03,5.58,2.11089,2.11024,2.11153,42.462,42.453,42.482,9.00,9,42.52,44.30,100.0,1.000,-50.5
2026-10-02T11:40:00Z,2026-10-02T11:50:00Z,600,600,0,0,0,0x0000,0x0000,0.0047,0.1668,0.03,1.85,-4.31,4.25,2.11091,2.11040,2.11140,42.495,42.469,42.526,9.00,9,42.83,44.87,100.0,1.000,-50.5
2026-10-02T11:50:00Z,2026-10-02T12:00:00Z,600,600,0,0,0,0x0000,0x0000,-0.0003,0.1796,0.30,1.41,-3.21,2.90,2.11093,2.11048,2.11137,42.539,42.478,42.592,9.00,9,42.63,44.64,100.0,1.000,-50.5
2026-10-02T12:00:00Z,2026-10-02T12:10:00Z,407,407,0,0,0,0x0000,0x0000,0.0025,0.1624,-0.48,1.34,-3.24,2.87,2.11089,2.11055,2.11129,42.668,42.614,42.702,9.00,9,42.84,44.49,100.0,1.000,-50.5
2026-10-02T12:10:00Z,2026-10-02T12:20:00Z,600,600,0,0,0,0x0000,0x0000,-0.0022,0.1535,-0.13,1.46,-2.58,3.43,2.11090,2.11056,2.11133,42.701,42.685,42.708,9.00,9,42.66,44.76,100.0,1.000,-50.5
2026-10-02T12:20:00Z,2026-10-02T12:30:00Z,600,600,0,0,0,0x0000,0x0000,-0.0021,0.1520,0.39,1.46,-2.97,3.76,2.11093,2.11042,2.11133,42.708,42.700,42.708,9.93,9,42.21,44.89,100.0,1.000,-50.5
2026-10-02T12:30:00Z,2026-10-02T12:40:00Z,600,600,0,0,0,0x0000,0x0000,0.0039,0.1647,0.50,2.20,-3.58,5.69,2.11096,2.11051,2.11148,42.712,42.708,42.737,10.44,10,41.76,45.17,100.0,1.000,-50.5
2026-10-02T12:40:00Z,2026-10-02T12:50:00Z,600,600,0,0,0,0x0000,0x0000,0.0009,0.1689,-0.27,2.00,-4.62,4.12,2.11095,2.11044,2.11139,42.711,42.708,42.724,10.00,10,41.91,45.42,100.0,1.000,-50.5
2026-10-02T12:50:00Z,2026-10-02T13:00:00Z,600,600,0,0,0,0x0000,0x0000,-0.0030,0.1982,0.25,2.37,-3.99,7.16,2.11096,2.11051,2.11164,42.711,42.708,42.723,10.00,10,42.32,45.34,100.0,1.000,-50.5
2026-10-02T13:00:00Z,2026-10-02T13:10:00Z,5,5,0,0,0,0x0000,0x0000,-0.1348,0.1125,2.24,0.16,2.07,2.45,2.11101,2.11093,2.11109,42.708,42.708,42.708,9.00,9,42.66,44.68,100.0,1.000,-50.5
2026-10-02T13:10:00Z,2026-10-02T13:20:00Z,600,600,0,0,0,0x0000,0x0000,-0.0040,0.1550,0.48,2.50,-5.64,4.26,2.11098,2.11040,2.11143,42.708,42.708,42.708,9.00,9,42.94,44.87,100.0,1.000,-50.5
2026-10-02T13:20:00Z,2026-10-02T13:30:00Z,600,600,0,0,0,0x0000,0x0000,-0.0026,0.1799,-0.07,1.75,-3.57,4.39,2.11097,2.11060,2.11146,42.708,42.708,42.708,8.52,8,42.52,44.47,100.0,1.000,-50.5
2026-10-02T13:30:00Z,2026-10-02T13:40:00Z,600,600,0,0,0,0x0000,0x0000,0.0049,0.1604,-0.51,1.25,-3.60,2.78,2.11092,2.11048,2.11132,42.708,42.708,42.708,8.54,8,42.77,44.41,100.0,1.000,-50.5
2026-10-02T13:40:00Z,2026-10-02T13:50:00Z,600,600,0,0,0,0x0000,0x0000,-0.0024,0.1659,0.09,1.64,-2.68,4.25,2.11096,2.11057,2.11139,42.708,42.708,42.708,8.84,8,42.08,44.94,100.0,1.000,-50.5
2026-10-02T13:50:00Z,2026-10-02T14:00:00Z,600,600,0,0,0,0x0000,0x0000,-0.0024,0.2086,0.03,2.97,-4.48,9.42,2.11097,2.11051,2.11185,42.708,42.708,42.708,8.81,8,41.32,44.79,100.0,1.000,-50.5
2026-10-02T14:00:00Z,2026-10-02T14:10:00Z,382,382,0,0,0,0x0000,0x0000,-0.0021,0.1539,0.79,1.68,-2.01,4.08,2.11099,2.11060,2.11143,42.708,42.708,42.708,8.15,8,43.10,45.53,100.0,1.000,-50.5
2026-10-02T14:10:00Z,2026-10-02T14:20:00Z,600,600,0,0,0,0x0000,0x0000,-0.0004,0.1491,-0.48,1.22,-3.32,3.32,2.11091,2.11058,2.11131,42.708,42.708,42.708,9.00,9,42.85,45.19,100.0,1.000,-50.5
2026-10-02T14:20:00Z,2026-10-02T14:30:00Z,600,600,0,0,0,0x0000,0x0000,0.0013,0.1673,0.07,2.09,-4.56,4.71,2.11095,2.11055,2.11156,42.708,42.708,42.708,9.57,9,42.51,44.65,100.0,1.000,-50.5
2026-10-02T14:30:00Z,2026-10-02T14:40:00Z,600,600,0,0,0,0x0000,0x0000,-0.0011,0.2016,-0.17,1.87,-5.20,4.22,2.11091,2.11026,2.11167,42.708,42.708,42.708,9.93,9,42.01,45.18,100.0,1.000,-50.5
2026-10-02T14:40:00Z,2026-10-02T14:50:00Z,600,600,0,0,0,0x0000,0x0000,-0.0007,0.2071,0.40,1.94,-3.77,4.93,2.11095,2.11047,2.11153,42.708,42.708,42.708,10.83,10,41.79,44.75,100.0,1.000,-50.5
2026-10-02T14:50:00Z,2026-10-02T15:00:00Z,279,279,0,0,0,0x0000,0x0000,-0.0028,0.1599,0.94,1.77,-3.65,3.99,2.11097,2.11052,2.11133,42.708,42.708,42.708,11.00,11,42.14,45.30,100.0,1.000,-50.5
2026-10-02T15:00:00Z,2026-10-02T15:10:00Z,600,600,0,0,0,0x0000,0x0000,0.0015,0.1860,0.38,2.47,-4.32,6.10,2.11096,2.11051,2.11158,42.708,42.708,42.708,10.57,10,41.68,45.07,100.0,1.000,-50.5
2026-10-02T15:10:00Z,2026-10-02T15:20:00Z,600,600,0,0,0,0x0000,0x0000,-0.0014,0.2025,-0.99,2.42,-5.78,4.68,2.11087,2.11029,2.11148,42.708,42.708,42.708,10.42,10,41.37,44.78,100.0,1.000,-50.5
2026-10-02T15:20:00Z,2026-10-02T15:30:00Z,276,276,0,0,0,0x0000,0x0000,0.0045,0.2025,1.18,1.19,-1.00,4.35,2.11100,2.11061,2.11156,42.708,42.708,42.708,12.00,12,41.24,45.34,100.0,1.000,-50.5
2026-10-02T15:30:00Z,2026-10-02T15:40:00Z,596,596,0,0,0,0x0000,0x0000,-0.0075,0.1852,-0.26,1.98,-4.85,4.35,2.11090,2.11033,2.11143,42.708,42.708,42.708,11.48,11,41.46,45.03,100.0,1.000,-50.5
2026-10-02T15:40:00Z,2026-10-02T15:50:00Z,600,600,0,0,0,0x0000,0x0000,-0.0011,0.1826,0.05,2.09,-4.04,5.92,2.11093,2.11048,2.11157,42.707,42.698,42.708,10.95,10,41.44,44.56,100.0,1.000,-50.5
2026-10-02T15:50:00Z,2026-10-02T16:00:00Z,600,600,0,0,0,0x0000,0x0000,0.0024,0.1716,0.04,1.46,-4.40,3.93,2.11094,2.11048,2.11146,42.701,42.685,42.708,9.98,9,41.01,44.74,100.0,1.000,-50.5
2026-10-02T16:00:00Z,2026-10-02T16:10:00Z,378,378,0,0,0,0x0000,0x0000,-0.0120,0.1478,0.42,1.74,-2.96,4.44,2.11095,2.11058,2.11137,42.571,42.493,42.653,10.00,10,42.27,45.24,100.0,1.000,-50.5
2026-10-02T16:10:00Z,2026-10-02T16:20:00Z,50,50,0,0,0,0x0000,0x0000,0.0498,0.1451,0.62,0.79,-1.08,1.73,2.11101,2.11083,2.11119,42.454,42.453,42.454,9.00,9,42.73,45.82,100.0,1.000,-50.5
